qualifyid,raceid,driverid,constructorid,position_final,year,round,circuitid,circuitref,car_condition,driver_condition,position_q1,previous_year_position_q1,circuitref_fastlap,driver_time_vs_fastlap,car_time_vs_fastlap,previous_driver_time_vs_fastlap,previous_car_time_vs_fastlap,q2disqualified,driver_q2vsq1,car_q2vsq1,previous_driver_q2vsq1,previous_car_q2vsq1,position_q2,previous_year_position_q2,q1,q2
9515.0,1091,1.0,131.0,2.0,2022.0,17.0,15.0,marina_bay,80.0,90.0,2.0,20.0,90984.0,22177.0,22913.0,0.0,0.0,0,-470.0,-545.5,0.0,0.0,7.0,20.0,113161.0,112691.0
9523.0,1091,847.0,131.0,6.0,2022.0,17.0,15.0,marina_bay,80.0,70.0,6.0,20.0,90984.0,23649.0,22913.0,0.0,0.0,0,-621.0,-545.5,0.0,0.0,16.0,20.0,114633.0,114012.0
9517.0,1091,4.0,214.0,9.0,2022.0,17.0,15.0,marina_bay,32.5,55.00000000000001,9.0,20.0,90984.0,24376.0,24864.5,0.0,0.0,0,-2233.0,-1116.5,0.0,0.0,10.0,20.0,115360.0,113127.0
9530.0,1091,839.0,214.0,18.0,2022.0,17.0,15.0,marina_bay,32.5,10.0,18.0,20.0,90984.0,25353.0,24864.5,0.0,0.0,1,0.0,-1116.5,0.0,0.0,3.0,20.0,116337.0,0.0
9526.0,1091,20.0,117.0,11.0,2022.0,17.0,15.0,marina_bay,40.0,45.0,11.0,20.0,90984.0,24618.0,24631.5,0.0,0.0,0,-1222.0,-1320.0,0.0,0.0,19.0,20.0,115602.0,114380.0
9524.0,1091,840.0,117.0,13.0,2022.0,17.0,15.0,marina_bay,40.0,35.0,13.0,20.0,90984.0,24645.0,24631.5,0.0,0.0,0,-1418.0,-1320.0,0.0,0.0,17.0,20.0,115629.0,114211.0
9514.0,1091,815.0,9.0,4.0,2022.0,17.0,15.0,marina_bay,87.5,80.0,4.0,20.0,90984.0,23420.0,22746.5,0.0,0.0,0,-1586.0,-960.0,0.0,0.0,9.0,20.0,114404.0,112818.0
9520.0,1091,830.0,9.0,1.0,2022.0,17.0,15.0,marina_bay,87.5,95.0,1.0,20.0,90984.0,22073.0,22746.5,0.0,0.0,0,-334.0,-960.0,0.0,0.0,8.0,20.0,113057.0,112723.0
9529.0,1091,817.0,1.0,17.0,2022.0,17.0,15.0,marina_bay,20.0,15.0,17.0,20.0,90984.0,25242.0,25086.0,0.0,0.0,1,0.0,-986.0,0.0,0.0,3.0,20.0,116226.0,0.0
9518.0,1091,846.0,1.0,15.0,2022.0,17.0,15.0,marina_bay,20.0,25.0,15.0,20.0,90984.0,24930.0,25086.0,0.0,0.0,0,-1972.0,-986.0,0.0,0.0,14.0,20.0,115914.0,113942.0
9528.0,1091,822.0,51.0,16.0,2022.0,17.0,15.0,marina_bay,35.0,20.0,16.0,20.0,90984.0,25099.0,24745.0,0.0,0.0,1,0.0,71.5,0.0,0.0,3.0,20.0,116083.0,0.0
9527.0,1091,855.0,51.0,10.0,2022.0,17.0,15.0,marina_bay,35.0,50.0,10.0,20.0,90984.0,24391.0,24745.0,0.0,0.0,0,143.0,71.5,0.0,0.0,20.0,20.0,115375.0,115518.0
9521.0,1091,825.0,210.0,7.0,2022.0,17.0,15.0,marina_bay,47.5,65.0,7.0,20.0,90984.0,24119.0,24435.5,0.0,0.0,0,-1097.0,-1231.5,0.0,0.0,15.0,20.0,115103.0,114006.0
9525.0,1091,854.0,210.0,14.0,2022.0,17.0,15.0,marina_bay,47.5,30.0,14.0,20.0,90984.0,24752.0,24435.5,0.0,0.0,0,-1366.0,-1231.5,0.0,0.0,18.0,20.0,115736.0,114370.0
9516.0,1091,832.0,6.0,5.0,2022.0,17.0,15.0,marina_bay,80.0,75.0,5.0,20.0,90984.0,23575.0,23360.0,0.0,0.0,0,-1340.0,-1563.0,0.0,0.0,11.0,20.0,114559.0,113219.0
9513.0,1091,844.0,6.0,3.0,2022.0,17.0,15.0,marina_bay,80.0,85.0,3.0,20.0,90984.0,23145.0,23360.0,0.0,0.0,0,-1786.0,-1563.0,0.0,0.0,6.0,20.0,114129.0,112343.0
9519.0,1091,842.0,213.0,12.0,2022.0,17.0,15.0,marina_bay,50.0,40.0,12.0,20.0,90984.0,24622.0,24476.0,0.0,0.0,0,-2060.0,-1763.0,0.0,0.0,12.0,20.0,115606.0,113546.0
9522.0,1091,852.0,213.0,8.0,2022.0,17.0,15.0,marina_bay,50.0,60.0,8.0,20.0,90984.0,24330.0,24476.0,0.0,0.0,0,-1466.0,-1763.0,0.0,0.0,13.0,20.0,115314.0,113848.0
9531.0,1091,848.0,3.0,19.0,2022.0,17.0,15.0,marina_bay,2.5,5.0,19.0,20.0,90984.0,26001.0,26274.5,0.0,0.0,1,0.0,0.0,0.0,0.0,3.0,20.0,116985.0,0.0
9532.0,1091,849.0,3.0,20.0,2022.0,17.0,15.0,marina_bay,2.5,0.0,20.0,20.0,90984.0,26548.0,26274.5,0.0,0.0,1,0.0,0.0,0.0,0.0,3.0,20.0,117532.0,0.0
10195.0,1127,1.0,131.0,0.0,2024.0,18.0,15.0,marina_bay,100.0,100.0,1.0,2.0,90984.0,,,22177.0,22913.0,0,,,-470.0,-545.5,,7.0,113356.203125,
10200.0,1127,847.0,131.0,0.0,2024.0,18.0,15.0,marina_bay,100.0,100.0,15.0,6.0,90984.0,,,23649.0,22913.0,0,,,-621.0,-545.5,,16.0,113668.4921875,
10197.0,1127,4.0,117.0,0.0,2024.0,18.0,15.0,marina_bay,100.0,100.0,6.0,9.0,90984.0,,,24376.0,24864.5,0,,,-2233.0,-1116.5,,10.0,113525.5078125,
10205.0,1127,840.0,117.0,0.0,2024.0,18.0,15.0,marina_bay,100.0,100.0,14.0,13.0,90984.0,,,24645.0,24631.5,0,,,-1418.0,-1320.0,,17.0,113667.75,
10212.0,1127,807.0,213.0,0.0,2024.0,18.0,15.0,marina_bay,150.0,100.0,7.0,20.0,90984.0,,,0.0,0.0,0,,,0.0,0.0,,20.0,113533.0546875,
10211.0,1127,817.0,213.0,0.0,2024.0,18.0,15.0,marina_bay,150.0,100.0,4.0,17.0,90984.0,,,25242.0,25086.0,0,,,0.0,-986.0,,3.0,113513.0078125,
10201.0,1127,852.0,213.0,0.0,2024.0,18.0,15.0,marina_bay,150.0,100.0,19.0,8.0,90984.0,,,24330.0,24476.0,1,,,-1466.0,-1763.0,,13.0,113675.296875,
10199.0,1127,815.0,9.0,0.0,2024.0,18.0,15.0,marina_bay,100.0,100.0,5.0,4.0,90984.0,,,23420.0,22746.5,0,,,-1586.0,-960.0,,9.0,113523.4296875,
10194.0,1127,830.0,9.0,0.0,2024.0,18.0,15.0,marina_bay,100.0,100.0,2.0,1.0,90984.0,,,22073.0,22746.5,0,,,-334.0,-960.0,,8.0,113503.3828125,
10202.0,1127,822.0,51.0,0.0,2024.0,18.0,15.0,marina_bay,100.0,100.0,3.0,16.0,90984.0,,,25099.0,24745.0,0,,,0.0,71.5,,3.0,113505.4609375,
10209.0,1127,855.0,51.0,0.0,2024.0,18.0,15.0,marina_bay,100.0,100.0,15.0,10.0,90984.0,,,24391.0,24745.0,0,,,143.0,71.5,,20.0,113668.4921875,
10207.0,1127,825.0,210.0,0.0,2024.0,18.0,15.0,marina_bay,50.0,100.0,20.0,7.0,90984.0,,,24119.0,24435.5,1,,,-1097.0,-1231.5,,15.0,116233.8984375,
10196.0,1127,832.0,6.0,0.0,2024.0,18.0,15.0,marina_bay,100.0,100.0,8.0,5.0,90984.0,,,23575.0,23360.0,0,,,-1340.0,-1563.0,,11.0,113664.484375,
10193.0,1127,844.0,6.0,0.0,2024.0,18.0,15.0,marina_bay,100.0,100.0,9.0,3.0,90984.0,,,23145.0,23360.0,0,,,-1786.0,-1563.0,,6.0,113665.2265625,
10204.0,1127,839.0,214.0,0.0,2024.0,18.0,15.0,marina_bay,100.0,100.0,17.0,18.0,90984.0,,,25353.0,24864.5,1,,,0.0,-1116.5,,3.0,113674.5546875,
10203.0,1127,842.0,214.0,0.0,2024.0,18.0,15.0,marina_bay,100.0,100.0,17.0,12.0,90984.0,,,24622.0,24476.0,1,,,-2060.0,-1763.0,,12.0,113674.5546875,
10206.0,1127,846.0,1.0,0.0,2024.0,18.0,15.0,marina_bay,100.0,100.0,10.0,15.0,90984.0,,,24930.0,25086.0,0,,,-1972.0,-986.0,,14.0,113665.96875,
10198.0,1127,857.0,1.0,0.0,2024.0,18.0,15.0,marina_bay,100.0,100.0,10.0,20.0,90984.0,,,0.0,0.0,0,,,0.0,0.0,,20.0,113665.96875,
10208.0,1127,848.0,3.0,0.0,2024.0,18.0,15.0,marina_bay,100.0,100.0,10.0,19.0,90984.0,,,26001.0,26274.5,0,,,0.0,0.0,,3.0,113665.96875,
10210.0,1127,858.0,3.0,0.0,2024.0,18.0,15.0,marina_bay,100.0,100.0,10.0,20.0,90984.0,,,0.0,0.0,0,,,0.0,0.0,,20.0,113665.96875,
